[
    {
        "close": 2021,
        "name": "Ellen Webster",
        "open": 2011
    },
    {
        "close": 2019,
        "name": "Nicolas Wise",
        "open": 2013
    },
    {
        "close": 2017,
        "name": "Stuart Roberts",
        "open": 2012
    },
    {
        "close": 2015,
        "name": "Guillermo Herrera",
        "open": 2014
    },
    {
        "close": 2017,
        "name": "Leigh Middleton",
        "open": 2014
    },
    {
        "close": 2016,
        "name": "Benny Grey",
        "open": 2015
    },
    {
        "close": 2016,
        "name": "Aurora Owens",
        "open": 2015
    },
    {
        "close": 2020,
        "name": "Yvette Witt",
        "open": 2011
    },
    {
        "close": 2019,
        "name": "Rodney Burns",
        "open": 2011
    },
    {
        "close": 2021,
        "name": "Antoinette Stuart",
        "open": 2015
    },
    {
        "close": 2020,
        "name": "Alexander Brooks",
        "open": 2019
    },
    {
        "close": 2018,
        "name": "Glenn Brown",
        "open": 2016
    },
    {
        "close": 2021,
        "name": "Charlotte Crowley",
        "open": 2015
    },
    {
        "close": 2017,
        "name": "Kelley Swift",
        "open": 2016
    },
    {
        "close": 2012,
        "name": "Nicolas Wise",
        "open": 2010
    },
    {
        "close": 2012,
        "name": "Stella Curtis",
        "open": 2011
    },
    {
        "close": 2021,
        "name": "Norma Frank",
        "open": 2020
    },
    {
        "close": 2020,
        "name": "Kerry Hensley",
        "open": 2019
    },
    {
        "close": 2019,
        "name": "Mitchell Bruce",
        "open": 2017
    },
    {
        "close": 2014,
        "name": "Christie Choi",
        "open": 2013
    },
    {
        "close": 2014,
        "name": "Stella Curtis",
        "open": 2010
    },
    {
        "close": 2013,
        "name": "Debbie Conley",
        "open": 2011
    },
    {
        "close": 2021,
        "name": "Frances Schneider",
        "open": 2010
    },
    {
        "close": 2017,
        "name": "Jordan Frey",
        "open": 2013
    },
    {
        "close": 2020,
        "name": "Glenn Brown",
        "open": 2012
    },
    {
        "close": 2014,
        "name": "Jeannie Russell",
        "open": 2013
    },
    {
        "close": 2021,
        "name": "Helen Keith",
        "open": 2015
    },
    {
        "close": 2019,
        "name": "Angelina Blake",
        "open": 2015
    },
    {
        "close": 2021,
        "name": "Valerie Wilcox",
        "open": 2016
    },
    {
        "close": 2021,
        "name": "Israel Pearson",
        "open": 2016
    },
    {
        "close": 2020,
        "name": "Sam Haynes",
        "open": 2010
    },
    {
        "close": 2015,
        "name": "Mattie Blevins",
        "open": 2010
    },
    {
        "close": 2021,
        "name": "Norma Frank",
        "open": 2015
    },
    {
        "close": 2012,
        "name": "Kris Dale",
        "open": 2011
    },
    {
        "close": 2018,
        "name": "Bruce Ferguson",
        "open": 2012
    },
    {
        "close": 2019,
        "name": "Stella Anderson",
        "open": 2012
    },
    {
        "close": 2016,
        "name": "Lynn McCabe",
        "open": 2014
    },
    {
        "close": 2015,
        "name": "Bryan Whitney",
        "open": 2011
    },
    {
        "close": 2020,
        "name": "Rebekah Neal",
        "open": 2010
    },
    {
        "close": 2013,
        "name": "Casey Jenkins",
        "open": 2010
    },
    {
        "close": 2017,
        "name": "Kristi Sargent",
        "open": 2015
    },
    {
        "close": 2019,
        "name": "Tyrone Costa",
        "open": 2018
    },
    {
        "close": 2019,
        "name": "Fernando Burgess",
        "open": 2017
    },
    {
        "close": 2013,
        "name": "June Riddle",
        "open": 2010
    },
    {
        "close": 2020,
        "name": "Marty McKenzie",
        "open": 2012
    },
    {
        "close": 2018,
        "name": "Noel Sanders",
        "open": 2014
    },
    {
        "close": 2018,
        "name": "Andy Solomon",
        "open": 2014
    },
    {
        "close": 2017,
        "name": "Norma Frank",
        "open": 2011
    },
    {
        "close": 2014,
        "name": "Grace McIntosh",
        "open": 2012
    },
    {
        "close": 2016,
        "name": "Bonita Porter",
        "open": 2011
    },
    {
        "close": 2020,
        "name": "Lynn McCabe",
        "open": 2016
    },
    {
        "close": 2017,
        "name": "William Wall",
        "open": 2015
    },
    {
        "close": 2018,
        "name": "Kelley Swift",
        "open": 2015
    },
    {
        "close": 2013,
        "name": "Bert Leach",
        "open": 2012
    },
    {
        "close": 2017,
        "name": "Stella Curtis",
        "open": 2016
    },
    {
        "close": 2014,
        "name": "Toni Castillo",
        "open": 2010
    },
    {
        "close": 2018,
        "name": "Darrell Hoover",
        "open": 2011
    },
    {
        "close": 2017,
        "name": "Sherri Cummins",
        "open": 2013
    },
    {
        "close": 2015,
        "name": "Valerie Wilcox",
        "open": 2012
    },
    {
        "close": 2013,
        "name": "Mario Richards",
        "open": 2010
    },
    {
        "close": 2019,
        "name": "Stefanie Freeman",
        "open": 2014
    },
    {
        "close": 2014,
        "name": "Anna Donahue",
        "open": 2013
    },
    {
        "close": 2021,
        "name": "Gerardo Cain",
        "open": 2010
    },
    {
        "close": 2017,
        "name": "Alberta Hebert",
        "open": 2015
    },
    {
        "close": 2019,
        "name": "Jamie Lacy",
        "open": 2018
    },
    {
        "close": 2019,
        "name": "Tina Snider",
        "open": 2015
    },
    {
        "close": 2014,
        "name": "Oscar Santos",
        "open": 2012
    },
    {
        "close": 2019,
        "name": "Jodie Douglass",
        "open": 2018
    },
    {
        "close": 2021,
        "name": "Jill Shepherd",
        "open": 2011
    },
    {
        "close": 2021,
        "name": "Aurora Owens",
        "open": 2014
    },
    {
        "close": 2019,
        "name": "Lindsay Santos",
        "open": 2012
    },
    {
        "close": 2013,
        "name": "Lindsay Santos",
        "open": 2012
    },
    {
        "close": 2017,
        "name": "Peggy Gordon",
        "open": 2013
    },
    {
        "close": 2018,
        "name": "Katherine Lawrence",
        "open": 2011
    },
    {
        "close": 2017,
        "name": "Deanna Campos",
        "open": 2016
    },
    {
        "close": 2015,
        "name": "Hubert Good",
        "open": 2010
    },
    {
        "close": 2012,
        "name": "Stella Anderson",
        "open": 2010
    },
    {
        "close": 2019,
        "name": "Matthew Sheppard",
        "open": 2011
    },
    {
        "close": 2020,
        "name": "Vanessa O'Neal",
        "open": 2011
    },
    {
        "close": 2021,
        "name": "Andrea Cornell",
        "open": 2012
    },
    {
        "close": 2021,
        "name": "Kenny Harper",
        "open": 2016
    },
    {
        "close": 2021,
        "name": "Sherri Cummins",
        "open": 2020
    },
    {
        "close": 2020,
        "name": "Marsha Gibbs",
        "open": 2015
    },
    {
        "close": 2019,
        "name": "Melissa Strong",
        "open": 2012
    },
    {
        "close": 2019,
        "name": "Patty Webster",
        "open": 2017
    },
    {
        "close": 2016,
        "name": "Juana Ruiz",
        "open": 2013
    },
    {
        "close": 2020,
        "name": "Peggy Gordon",
        "open": 2012
    },
    {
        "close": 2015,
        "name": "Nellie Kramer",
        "open": 2013
    },
    {
        "close": 2021,
        "name": "Antoinette Stuart",
        "open": 2014
    },
    {
        "close": 2018,
        "name": "Jason Mason",
        "open": 2011
    },
    {
        "close": 2016,
        "name": "Lydia Rose",
        "open": 2010
    },
    {
        "close": 2019,
        "name": "Frances Schneider",
        "open": 2017
    },
    {
        "close": 2020,
        "name": "Herman Cunningham",
        "open": 2016
    },
    {
        "close": 2018,
        "name": "Richard Thayer",
        "open": 2010
    },
    {
        "close": 2021,
        "name": "Lois Greene",
        "open": 2018
    },
    {
        "close": 2019,
        "name": "Andy Solomon",
        "open": 2016
    },
    {
        "close": 2018,
        "name": "Tyler Conklin",
        "open": 2011
    },
    {
        "close": 2020,
        "name": "Bert Leach",
        "open": 2019
    },
    {
        "close": 2011,
        "name": "Doug Starr",
        "open": 2010
    },
    {
        "close": 2021,
        "name": "Katy Sherwood",
        "open": 2017
    },
    {
        "close": 2020,
        "name": "Jodie Douglass",
        "open": 2018
    },
    {
        "close": 2018,
        "name": "Leroy Hagan",
        "open": 2016
    },
    {
        "close": 2021,
        "name": "Yvette Witt",
        "open": 2016
    },
    {
        "close": 2021,
        "name": "Roderick Vance",
        "open": 2011
    },
    {
        "close": 2014,
        "name": "Ella Maynard",
        "open": 2013
    },
    {
        "close": 2020,
        "name": "Jose Levy",
        "open": 2014
    },
    {
        "close": 2021,
        "name": "Lorna Shaffer",
        "open": 2019
    },
    {
        "close": 2018,
        "name": "Donald Wallace",
        "open": 2016
    },
    {
        "close": 2018,
        "name": "Stephanie Lee",
        "open": 2011
    },
    {
        "close": 2018,
        "name": "Pauline Downs",
        "open": 2015
    },
    {
        "close": 2011,
        "name": "Sherri Cummins",
        "open": 2010
    },
    {
        "close": 2015,
        "name": "Marty McKenzie",
        "open": 2011
    },
    {
        "close": 2018,
        "name": "Aurora Owens",
        "open": 2015
    },
    {
        "close": 2016,
        "name": "Matthew Sheppard",
        "open": 2012
    },
    {
        "close": 2020,
        "name": "Betsy Merrill",
        "open": 2018
    },
    {
        "close": 2020,
        "name": "Rick McFarland",
        "open": 2015
    },
    {
        "close": 2013,
        "name": "Marty McKenzie",
        "open": 2010
    },
    {
        "close": 2017,
        "name": "Monica Eddy",
        "open": 2014
    },
    {
        "close": 2012,
        "name": "Fran Lord",
        "open": 2011
    },
    {
        "close": 2011,
        "name": "Rodney Munoz",
        "open": 2010
    },
    {
        "close": 2021,
        "name": "Rochelle Holmes",
        "open": 2020
    },
    {
        "close": 2015,
        "name": "Noel Sanders",
        "open": 2010
    },
    {
        "close": 2015,
        "name": "Graciela Quick",
        "open": 2011
    },
    {
        "close": 2020,
        "name": "Hubert Good",
        "open": 2018
    },
    {
        "close": 2021,
        "name": "Katy Sherwood",
        "open": 2011
    },
    {
        "close": 2020,
        "name": "Gretchen Zimmerman",
        "open": 2017
    },
    {
        "close": 2015,
        "name": "Vince Hays",
        "open": 2010
    },
    {
        "close": 2018,
        "name": "Edwin Hale",
        "open": 2017
    },
    {
        "close": 2017,
        "name": "Jasmine Mills",
        "open": 2010
    },
    {
        "close": 2013,
        "name": "Arnold Post",
        "open": 2010
    },
    {
        "close": 2015,
        "name": "Shelley Wolfe",
        "open": 2013
    },
    {
        "close": 2020,
        "name": "Tara Blackburn",
        "open": 2014
    },
    {
        "close": 2020,
        "name": "Katherine Lawrence",
        "open": 2019
    },
    {
        "close": 2019,
        "name": "Sherri Cummins",
        "open": 2013
    },
    {
        "close": 2012,
        "name": "Jodie Douglass",
        "open": 2010
    },
    {
        "close": 2019,
        "name": "Donald Wallace",
        "open": 2013
    },
    {
        "close": 2020,
        "name": "Luis Wheeler",
        "open": 2010
    },
    {
        "close": 2017,
        "name": "Roberta Wise",
        "open": 2015
    },
    {
        "close": 2021,
        "name": "Cary Barnett",
        "open": 2016
    },
    {
        "close": 2017,
        "name": "Herman Cunningham",
        "open": 2012
    },
    {
        "close": 2019,
        "name": "Cheryl Levy",
        "open": 2013
    },
    {
        "close": 2012,
        "name": "Rose Cummings",
        "open": 2011
    },
    {
        "close": 2021,
        "name": "Rosalie Buck",
        "open": 2011
    },
    {
        "close": 2021,
        "name": "Jordan Garner",
        "open": 2012
    },
    {
        "close": 2021,
        "name": "Norma Frank",
        "open": 2012
    },
    {
        "close": 2018,
        "name": "Mabel Logan",
        "open": 2016
    },
    {
        "close": 2019,
        "name": "Kara Smith",
        "open": 2018
    },
    {
        "close": 2016,
        "name": "Lorena Christensen",
        "open": 2011
    },
    {
        "close": 2020,
        "name": "Franklin Mendoza",
        "open": 2016
    },
    {
        "close": 2020,
        "name": "Claudia Kent",
        "open": 2011
    },
    {
        "close": 2015,
        "name": "Hector Davenport",
        "open": 2013
    },
    {
        "close": 2018,
        "name": "Ellen Newman",
        "open": 2010
    },
    {
        "close": 2019,
        "name": "Sam Haynes",
        "open": 2010
    },
    {
        "close": 2015,
        "name": "Rosalie Buck",
        "open": 2010
    },
    {
        "close": 2019,
        "name": "Rose Cummings",
        "open": 2012
    },
    {
        "close": 2021,
        "name": "Rodney Cobb",
        "open": 2020
    },
    {
        "close": 2021,
        "name": "Jordan Garner",
        "open": 2015
    },
    {
        "close": 2019,
        "name": "Bonita Porter",
        "open": 2018
    },
    {
        "close": 2017,
        "name": "Derrick Fox",
        "open": 2010
    },
    {
        "close": 2021,
        "name": "Benjamin Bean",
        "open": 2012
    },
    {
        "close": 2019,
        "name": "Tom Chambers",
        "open": 2013
    },
    {
        "close": 2014,
        "name": "Nora Denton",
        "open": 2010
    },
    {
        "close": 2017,
        "name": "Daryl Pearson",
        "open": 2012
    },
    {
        "close": 2017,
        "name": "Katherine Lawrence",
        "open": 2016
    },
    {
        "close": 2014,
        "name": "Gretchen Meyers",
        "open": 2012
    },
    {
        "close": 2017,
        "name": "Shawn FitzPatrick",
        "open": 2011
    },
    {
        "close": 2018,
        "name": "Kristi Sargent",
        "open": 2011
    },
    {
        "close": 2021,
        "name": "Yvette Witt",
        "open": 2015
    },
    {
        "close": 2018,
        "name": "Miriam McCormick",
        "open": 2011
    },
    {
        "close": 2020,
        "name": "Tyrone Costa",
        "open": 2015
    },
    {
        "close": 2019,
        "name": "Jordan Frey",
        "open": 2018
    },
    {
        "close": 2019,
        "name": "Luis Wheeler",
        "open": 2011
    },
    {
        "close": 2020,
        "name": "Sandra Dean",
        "open": 2017
    },
    {
        "close": 2017,
        "name": "Taylor Olson",
        "open": 2013
    },
    {
        "close": 2021,
        "name": "Marlene Ali",
        "open": 2012
    },
    {
        "close": 2013,
        "name": "Diana Kline",
        "open": 2011
    },
    {
        "close": 2021,
        "name": "Morris Dennis",
        "open": 2011
    },
    {
        "close": 2018,
        "name": "Clay Wiggins",
        "open": 2017
    },
    {
        "close": 2020,
        "name": "Jessie Haas",
        "open": 2018
    },
    {
        "close": 2015,
        "name": "Sam Haynes",
        "open": 2012
    },
    {
        "close": 2017,
        "name": "Fernando Burgess",
        "open": 2013
    },
    {
        "close": 2011,
        "name": "Joel Green",
        "open": 2010
    },
    {
        "close": 2021,
        "name": "Sarah Merritt",
        "open": 2016
    },
    {
        "close": 2016,
        "name": "Gale Ferrell",
        "open": 2011
    },
    {
        "close": 2015,
        "name": "Leroy Hagan",
        "open": 2011
    },
    {
        "close": 2015,
        "name": "Morris Dennis",
        "open": 2010
    },
    {
        "close": 2019,
        "name": "Leroy Hagan",
        "open": 2018
    },
    {
        "close": 2019,
        "name": "Isaac Curran",
        "open": 2013
    },
    {
        "close": 2021,
        "name": "Cassandra Jones",
        "open": 2016
    },
    {
        "close": 2021,
        "name": "Lois Greene",
        "open": 2016
    },
    {
        "close": 2014,
        "name": "Stuart Roberts",
        "open": 2011
    },
    {
        "close": 2020,
        "name": "Mario Richards",
        "open": 2010
    },
    {
        "close": 2020,
        "name": "Kathleen Sims",
        "open": 2012
    },
    {
        "close": 2013,
        "name": "Trisha Krause",
        "open": 2012
    },
    {
        "close": 2017,
        "name": "Young Jacobs",
        "open": 2014
    },
    {
        "close": 2020,
        "name": "Rebekah Shepard",
        "open": 2019
    },
    {
        "close": 2018,
        "name": "Kathy Brewer",
        "open": 2010
    },
    {
        "close": 2013,
        "name": "Jessie Haas",
        "open": 2010
    },
    {
        "close": 2018,
        "name": "Alyssa Douglas",
        "open": 2011
    },
    {
        "close": 2020,
        "name": "Joshua Castro",
        "open": 2015
    },
    {
        "close": 2020,
        "name": "Charlotte Crowley",
        "open": 2010
    },
    {
        "close": 2020,
        "name": "Juana Ruiz",
        "open": 2010
    },
    {
        "close": 2015,
        "name": "Pauline Downs",
        "open": 2011
    },
    {
        "close": 2021,
        "name": "June Riddle",
        "open": 2010
    },
    {
        "close": 2017,
        "name": "Christopher Buck",
        "open": 2013
    },
    {
        "close": 2018,
        "name": "Rodney Burns",
        "open": 2011
    },
    {
        "close": 2020,
        "name": "Diana Kline",
        "open": 2013
    },
    {
        "close": 2019,
        "name": "Cary Barnett",
        "open": 2015
    },
    {
        "close": 2021,
        "name": "Cody Schaefer",
        "open": 2016
    },
    {
        "close": 2015,
        "name": "Joanna Fulton",
        "open": 2012
    },
    {
        "close": 2015,
        "name": "Oscar Santos",
        "open": 2011
    },
    {
        "close": 2019,
        "name": "Mario Richards",
        "open": 2018
    },
    {
        "close": 2018,
        "name": "Margie Darling",
        "open": 2015
    },
    {
        "close": 2019,
        "name": "Ben Albert",
        "open": 2016
    },
    {
        "close": 2020,
        "name": "June Riddle",
        "open": 2012
    },
    {
        "close": 2020,
        "name": "Sherri Cummins",
        "open": 2016
    },
    {
        "close": 2014,
        "name": "Graciela Quick",
        "open": 2013
    },
    {
        "close": 2021,
        "name": "Mario Parks",
        "open": 2011
    },
    {
        "close": 2015,
        "name": "Bryan Whitney",
        "open": 2014
    },
    {
        "close": 2017,
        "name": "Bruce Ferguson",
        "open": 2010
    },
    {
        "close": 2014,
        "name": "Nell Lacy",
        "open": 2012
    },
    {
        "close": 2020,
        "name": "Flora Harrington",
        "open": 2011
    },
    {
        "close": 2017,
        "name": "Shawn FitzPatrick",
        "open": 2014
    },
    {
        "close": 2015,
        "name": "Peggy Gordon",
        "open": 2011
    },
    {
        "close": 2014,
        "name": "Rodney Burns",
        "open": 2011
    },
    {
        "close": 2015,
        "name": "Ellen Newman",
        "open": 2014
    },
    {
        "close": 2016,
        "name": "Hector Davenport",
        "open": 2013
    },
    {
        "close": 2019,
        "name": "Casey Jenkins",
        "open": 2013
    },
    {
        "close": 2019,
        "name": "Marty McKenzie",
        "open": 2015
    },
    {
        "close": 2013,
        "name": "Johnnie Boyle",
        "open": 2010
    },
    {
        "close": 2014,
        "name": "Valerie Wilcox",
        "open": 2010
    },
    {
        "close": 2015,
        "name": "Kris Dale",
        "open": 2013
    },
    {
        "close": 2012,
        "name": "Casey Jenkins",
        "open": 2010
    },
    {
        "close": 2011,
        "name": "Lonnie Lester",
        "open": 2010
    },
    {
        "close": 2016,
        "name": "Flora Harrington",
        "open": 2015
    },
    {
        "close": 2020,
        "name": "Bud Abbott",
        "open": 2013
    },
    {
        "close": 2017,
        "name": "Myra Christian",
        "open": 2010
    },
    {
        "close": 2015,
        "name": "Mario Parks",
        "open": 2014
    },
    {
        "close": 2019,
        "name": "Freddie Bradshaw",
        "open": 2017
    },
    {
        "close": 2017,
        "name": "Hector Davenport",
        "open": 2016
    },
    {
        "close": 2020,
        "name": "Bryan Whitney",
        "open": 2010
    },
    {
        "close": 2017,
        "name": "Bonita Porter",
        "open": 2012
    },
    {
        "close": 2020,
        "name": "Inez Alexander",
        "open": 2011
    },
    {
        "close": 2015,
        "name": "Shirley Powers",
        "open": 2012
    },
    {
        "close": 2014,
        "name": "Laura Gregory",
        "open": 2010
    },
    {
        "close": 2021,
        "name": "Leigh Middleton",
        "open": 2019
    },
    {
        "close": 2021,
        "name": "Vince Hays",
        "open": 2010
    },
    {
        "close": 2019,
        "name": "Joey Beard",
        "open": 2010
    },
    {
        "close": 2017,
        "name": "Rebekah Neal",
        "open": 2012
    },
    {
        "close": 2020,
        "name": "Toni Castillo",
        "open": 2015
    },
    {
        "close": 2018,
        "name": "Rosemarie Shelton",
        "open": 2016
    },
    {
        "close": 2018,
        "name": "Dick Short",
        "open": 2017
    },
    {
        "close": 2015,
        "name": "Sarah Merritt",
        "open": 2014
    },
    {
        "close": 2020,
        "name": "Valerie Wilcox",
        "open": 2014
    },
    {
        "close": 2020,
        "name": "Roderick McGowan",
        "open": 2016
    },
    {
        "close": 2016,
        "name": "Rebekah Shepard",
        "open": 2011
    },
    {
        "close": 2019,
        "name": "Saul Bowers",
        "open": 2013
    },
    {
        "close": 2019,
        "name": "Lynn McCabe",
        "open": 2012
    },
    {
        "close": 2021,
        "name": "Dick Short",
        "open": 2011
    },
    {
        "close": 2021,
        "name": "Matthew Sheppard",
        "open": 2012
    },
    {
        "close": 2019,
        "name": "Kristi Sargent",
        "open": 2018
    },
    {
        "close": 2020,
        "name": "Kirk Dudley",
        "open": 2012
    },
    {
        "close": 2016,
        "name": "Lee Sexton",
        "open": 2010
    },
    {
        "close": 2021,
        "name": "Deanna Middleton",
        "open": 2011
    },
    {
        "close": 2019,
        "name": "Kris Dale",
        "open": 2013
    },
    {
        "close": 2016,
        "name": "Debbie Conley",
        "open": 2012
    },
    {
        "close": 2015,
        "name": "Margie Darling",
        "open": 2011
    },
    {
        "close": 2019,
        "name": "Clay Wiggins",
        "open": 2015
    },
    {
        "close": 2018,
        "name": "Linda Church",
        "open": 2011
    },
    {
        "close": 2021,
        "name": "Felicia Waller",
        "open": 2018
    },
    {
        "close": 2020,
        "name": "John Giles",
        "open": 2011
    },
    {
        "close": 2018,
        "name": "Jamie Lacy",
        "open": 2014
    },
    {
        "close": 2018,
        "name": "Clay Wiggins",
        "open": 2011
    },
    {
        "close": 2021,
        "name": "Stella Anderson",
        "open": 2015
    },
    {
        "close": 2018,
        "name": "Tyler Conklin",
        "open": 2010
    },
    {
        "close": 2021,
        "name": "Fran Lord",
        "open": 2020
    },
    {
        "close": 2020,
        "name": "Joel Green",
        "open": 2010
    },
    {
        "close": 2016,
        "name": "Grace McIntosh",
        "open": 2014
    },
    {
        "close": 2015,
        "name": "Bud Abbott",
        "open": 2011
    },
    {
        "close": 2019,
        "name": "Marty McKenzie",
        "open": 2018
    },
    {
        "close": 2015,
        "name": "Shelley Wolfe",
        "open": 2010
    },
    {
        "close": 2016,
        "name": "Rodney Burns",
        "open": 2012
    },
    {
        "close": 2021,
        "name": "Krystal Hubbard",
        "open": 2018
    },
    {
        "close": 2020,
        "name": "Hector Davenport",
        "open": 2017
    },
    {
        "close": 2018,
        "name": "Tonya Baker",
        "open": 2014
    },
    {
        "close": 2012,
        "name": "Bert Leach",
        "open": 2011
    },
    {
        "close": 2021,
        "name": "Vince Wilder",
        "open": 2012
    },
    {
        "close": 2018,
        "name": "Marsha Gibbs",
        "open": 2013
    },
    {
        "close": 2020,
        "name": "Stella Anderson",
        "open": 2014
    },
    {
        "close": 2012,
        "name": "Derrick Stevens",
        "open": 2010
    },
    {
        "close": 2017,
        "name": "Stella Curtis",
        "open": 2012
    },
    {
        "close": 2016,
        "name": "Lonnie Lester",
        "open": 2014
    },
    {
        "close": 2015,
        "name": "Jonathan Frost",
        "open": 2013
    },
    {
        "close": 2012,
        "name": "Helen Keith",
        "open": 2010
    },
    {
        "close": 2014,
        "name": "Nell Lacy",
        "open": 2011
    },
    {
        "close": 2019,
        "name": "Vince Wilder",
        "open": 2017
    },
    {
        "close": 2021,
        "name": "Dean Alexander",
        "open": 2014
    },
    {
        "close": 2011,
        "name": "Fran Lord",
        "open": 2010
    },
    {
        "close": 2021,
        "name": "Rochelle Holmes",
        "open": 2018
    },
    {
        "close": 2017,
        "name": "Franklin Mendoza",
        "open": 2011
    }
]
